language_code,dataset_id
abq,cmqilxwjm00r8nr07acb9f5i9
ab,cmqinmqu700wcnr07xm7nxh0b
fub,cmqi9x2ms0059nr07v13ljzo1
ajg,cmqi9fht5004pnr07f38p9qee
ady,cmqinqlhq00xgnr07jyuw5pdw
om,cmqiodaxn00ycnq07slso6and
af,cmqieijjh00d3nr07m9elw7cc
sq,cmqi6kl8i00fio507o5djjbf6
gsw,cmqieildv00d7nr07oq4hhq5o
am,cmqi70u6u00gumf07ual1wr9e
ar,cmqinoh7z00wsnr07v5ixz5uo
an,cmqiohrxe0108nr07moskb6pu
hy-AM,cmqinsp2y00xsnr07ra8gxfoi
rup,cmqiapv05009pnq07z0uh28db
prq,cmqi6kqhl00eomf07c90xah8d
cpy,cmqi97l490034nq070n59pxed
as,cmqi6ss2y00guo507u3jsgp4i
ast,cmqi72s6j00hwo5076g5lbvsm
tay,cmqi9fksd006xnq07b7am0qoe
az,cmqi7373i00hmmf07kl72eanc
bba,cmqi9ckty005hnq070sk6scrq
ksf,cmqilybng00s4nr07zxieouks
bfd,cmqieiwvr00dfnr07j9lmgzr7
bkh,cmqi9xez5005hnr075tivt9gb
bft,cmqiohwz000zonq07iycu740l
bax,cmqigoomq00j1nq07i0126jgl
beb,cmqi983k7003knq07284ukx4y
abb,cmqiglkma00gznr07blt2l667
bci,cmqilxulo00r4nr079y9y8opu
bas,cmqigrvys00i3nr07ngkpb6b2
ba,cmqinmgw400w4nr07r24gw0pm
eu,cmqim4iw800tqnr07n2gs5mpv
bnm,cmqily5ow00rsnr078lgrimto
btv,cmqi94kb50029nq07ybytr068
be,cmqim355q00t2nr07fozmjsk9
bn,cmqim44fo00tinr07mbu70eg7
fue,cmqi90ny10019nq07zw2dy7p8
brh,cmqi6gd4900f6o507ce6lgkw8
br,cmqinxxpp00xmnq078zjqlimw
bsk,cmqieis2r00dbnr07244wykdx
bg,cmqioff2b00z4nq079q2hqog1
bum,cmqi973gr001rnr07dl5jamel
bnn,cmqigoq6p00j5nq07pwyswtqj
wes,cmqi6fme100dkmf07y7f77c9e
yue,cmqinjd7x00vynq07pwzo3lmp
ca,cmqim2ln300tcnq070ylazhfe
esu,cmqi6tlxd00fumf07jyqvdyng
ckb,cmqino7ym00wqnq072h0gab54
ncx,cmqigozaz00hnnr07hco50r36
tar,cmqi6fh1k00euo507h2fu7lf5
zh-CN,cmqim47x700tunq074za20dq1
zh-HK,cmqinoe3p00wonr07fumnrmtg
zh-TW,cmqinooq000x0nr07b4p4ct4q
cjk,cmqi9ccl3003xnr07tv378vqt
cv,cmqio23ji00y2nq07g7q2hihm
zoc,cmqi967xo001nnr07jhrfm19u
kw,cmqi9exsj004dnr075i205r2i
hr,cmqialxzt0095nq078d2hznc8
cs,cmqinmdik00wanq07o6cqnhps
dag,cmqiodeas00ygnq07bomw55e4
dml,cmqieiypt00djnr07788g7yv1
da,cmqily7uh00rwnr070p6ijw8z
dar,cmqiofoxn0100nr07w1q1i64q
dmk,cmqi6bgfy00emo507ilfm0vhq
mki,cmqi6htyd00ekmf07d4hygvlc
dv,cmqinslcc00x6nq07ti1p027x
luo,cmqinqej600xcnr07kx4oxaxf
dyu,cmqiaq3ae0083nr07rhacg5x2
dua,cmqi9cp5t005tnq07272f8esn
nl,cmqinokkq00wwnr07hv5oax8l
bgp,cmqi9f3uj004hnr07sabyb6x2
ebr,cmqi726rh00h2mf07u4zxuvng
eko,cmqi6qj6d00femf07igtwoc45
en,cmqim2hn800ssnr07gvmpcnwu
myv,cmqi70k4000gmmf07qpw9618v
eo,cmqim2wa300tonq071u17tlvn
et,cmqinqswd00xknr070bnj5oq0
eto,cmqi6he3100e8mf07lb3q613v
ewo,cmqigs2m100ibnr074yws9svf
fan,cmqi6g2nb00f2o5071728oqeu
fmp,cmqigp1b000hrnr073gr5xv52
fi,cmqiodpav00yknq07kfcyu7c0
fr,cmqim41b000tanr07q9btypkc
fy-NL,cmqinmydk00wgnr07qvgbi8sj
gl,cmqiniilg00vunq07zxqfve8a
gwt,cmqi9xbs90071nq076sant845
gwc,cmqily1ud00rknr071s3mdq3h
ka,cmqini7z900vknr073977qyvh
de,cmqim3xpi00t6nr07k0myqtkr
bbj,cmqi9favy006tnq07xpj4xwy1
gig,cmqi96hox002lnq07pufi5ick
el,cmqiny85c00xunq07lvutf0he
gn,cmqio27ad00z0nr07dqfl3c3m
gid,cmqi96mjn002pnq07sm7obx3x
giz,cmqi93gkm001bnr071ukbil5k
gju,cmqi90sqx000vnr07ej5uxyct
ggg,cmqi9xq0c0079nq07uonstwpu
ht,cmqiam0y4009dnq07y072vmjk
cnh,cmqi6smr200gqo5077hxllfn7
ha,cmqi9feii004lnr07neji1yax
haz,cmqi6q9sa00famf07k3t3emq7
he,cmqi6tgrb00fqmf07hawg79x9
mrj,cmqio1o2y00yonr07g0679xv1
hi,cmqiod71900zgnr07uiyw57br
var,cmqigos0900j9nq07gqz2ch9j
mau,cmqi6gj5v00dwmf07mu79ql0u
hu,cmqinob6900wknr07s6fgcprx
ibb,cmqiohial00zgnq07ybhhu7ni
is,cmqie94oh00ernq07xctk0d8f
ig,cmqioflak00zwnr073z9m9cra
id,cmqinqwef00xonr07z4vbfovw
mvy,cmqiof7ux00z0nq07it6kz3sm
ia,cmqiofi6700z8nq07bh41vsb1
ga-IE,cmqilyfgd00scnr07t322rro3
nr,cmqialza10099nq07adfmmkrp
it,cmqini14100vmnq07309ocknr
ipk,cmqi6t63100h2o507kc8tamm4
ja,cmqim4lxy00tunr07cjkcupeg
jqr,cmqi955gy002dnq07g5igcl79
kbd,cmqinjn4o00w6nq07pyqsmwg7
kab,cmqim4fux00tynq07ljtyhzfh
gjk,cmqi97zao002anr07098afaeh
kls,cmqi6frkb00eyo507j3c6xegh
kln,cmqinqp7r00x2nq071z5e06oa
xka,cmqi6hp9d00egmf07zv75th14
bsh,cmqi96rv7002tnq079eha9t4b
kk,cmqi7005300hio5077wpgg6w9
kjh,cmqiam2dh007jnr07i8m96tra
xhe,cmqi6gx6s00fao507e2oleort
km,cmqie95uy00evnq07dc9tqagz
khw,cmqiohd070104nr07k0zc3qt6
qvi,cmqi9wzfo0055nr077c8navyv
dav,cmqinu7wb00y4nr0747mb29yk
hem,cmqi6fxn400domf07hnzivrfw
rw,cmqim2p6e00tgnq07bvf3z1ws
rof,cmqiej4ng00ftnq076583urok
plk,cmqily9p800s0nr073k8s6du2
bkm,cmqigowzn00hjnr07fqnrmozz
ko,cmqi922c5001pnq07dmj0oypw
kdh,cmqi6qe8000geo507h8ij2zj4
mgg,cmqiej0w700dnnr07xno2pgy8
kmr,cmqinqhul00wynq07koxlxbo5
nmg,cmqi91x9e000znr078q8snj2b
ky,cmqinxlpx00y8nr07taeqjcfe
lo,cmqiaq1nn007znr07qss7tcb5
lss,cmqi6q4st00gao507xmn8mtom
ltg,cmqio1zt700ywnr07bfgy7gjx
lv,cmqinjgh200vwnr07wcnb4if5
lzz,cmqinxu0l00ycnr07obbjovk0
lij,cmqi6zmmo00heo507i7gfdunv
lt,cmqinyc0y00yknr07et5hdtdm
lrk,cmqiglmbu00h3nr07e10thtet
qvj,cmqiglddn00gnnr07u2mtc3ec
nmz,cmqi94ezb001fnr0757mmfz35
lg,cmqinhruw00vinq07tohj4fd3
mk,cmqinxq4700xinq07d7g22h2h
mxu,cmqi9xi5d0075nq07bm6ymaon
ms,cmqi70fge00hmo507n0fu6op1
ml,cmqiglff100innq07ytefmv64
mt,cmqiofavu00zsnr076smns41a
gv,cmqi8uwkw000hnr07m0t9ntsk
mr,cmqio2gci00z4nr07njrbei37
mve,cmqi95ajd002hnq07rgwn05e9
mcn,cmqieiq7n00fnnq07u22l50cj
mcf,cmqi6pk1n00f4mf07zv5z1buk
mbo,cmqigqnxf00hxnr07ffy8dq8x
mdd,cmqi6gs5r00e0mf0744yzpm1r
mhr,cmqinjvun00w0nr07mkryrq8n
byv,cmqi9cgeb005dnq07fo06uzxu
bce,cmqi6tbhz00h6o507pdm5pv5y
gej,cmqi8u8z7000bnr07xcc21j0a
xmf,cmqi9f7d9006pnq07xrvziuay
bri,cmqi6p5cs00fwo507t622ympz
mdf,cmqie5gua00e7nq07i7smz5ac
mn,cmqinq6zs00x8nr07elg0nyrr
mse,cmqi6swlu00gyo507nzq8vo47
mcx,cmqi9278z001tnq07aljibmvm
mua,cmqi6l1l400ewmf077m7w7cmx
mhk,cmqi9aphy004jnq07zieih5at
mug,cmqi6zh8f00g6mf07hjfl8n0w
ne-NP,cmqi732rk00himf07x3hy8twt
nnh,cmqioh7eo00zcnq07acxohqzn
jgo,cmqi97py20025nr07in93znww
nla,cmqi6pf7o00g0o507a566s2db
pcm,cmqigs4fs00jtnq07o0txdcvm
hno,cmqi92xdx0021nq07etytyjx8
nso,cmqiapqo1007vnr07uogmwf44
gya,cmqi92sm70017nr073k30zych
nb-NO,cmqi72cq900h6mf07dr1ev961
nn-NO,cmqi72xiw00hemf07um5n1jk7
yav,cmqi9783o001znr072zwxveon
nyu,cmqi6pagy00f0mf07z9us86wy
hux,cmqiglrbo00hbnr07ck8co7cp
odk,cmqiglh6400grnr07x3fdx6ol
oc,cmqi9c2sh003rnr07kpbmcrdx
or,cmqiny4d900xqnq0779zijp37
nlv,cmqigourq00jdnq07m5oqpktn
oru,cmqio1smz00ysnr0789x2tj38
os,cmqie9asa00cfnr07ym5l5aw8
udl,cmqi6h8mp00e4mf07ohctwg4y
phr,cmqi9csv20061nq07a7pzrd1w
pwn,cmqigs15l00i7nr07425s2r5d
phl,cmqio2bjn00y6nq07kxuf99dj
kvx,cmqi988xh002gnr07ld9i4fcx
ps,cmqim2e2c00t8nq07jywr0vbi
fa,cmqinhw5100v8nr07gyg5gi4v
pl,cmqinmu2a00winq07gyrtri0q
pt,cmqinmnkf00w8nr07hkbbxgw7
pa-IN,cmqi6zuw000gamf07owiuz3wl
qxp,cmqio1wd400xynq079ifamac6
qva,cmqi6l6rd00fmo507hl4oiplq
qxu,cmqi9x7yx005dnr07mo68a08v
qvl,cmqi6hk0d00ecmf07m557157t
quy,cmqie9c3700cjnr078l71gt9y
qxa,cmqi6g7z200dsmf07gkncskx6
qwa,cmqi914oa001hnq07ps0z1iqg
qxw,cmqi9c7f30058nq07kcwk3tay
qxt,cmqi9byn00051nq07sepglfct
qus,cmqi92ctd0013nr07rsn2lvrt
qws,cmqi6bsix00eqo5078x6n4v1l
qur,cmqi6kw6m00esmf07kbllsiix
qux,cmqi9bsm9003lnr07f3r7za6j
ro,cmqinu08d00xenq07ha33e29y
rm-sursilv,cmqilxycc00rcnr071b156jdl
rm-vallader,cmqi6zbmg00g2mf07uqhc228t
dru,cmqi8uhp2000jnq072niarffi
ru,cmqinj9g500vsnr07qf4hmr3j
sah,cmqiodhvp00zknr075ddhkhps
szy,cmqigrzkz00jpnq07md238447
ssi,cmqi90feo000rnr071mgtxx9q
sat,cmqie985k00cbnr07z9cea5wy
skr,cmqi6yss800fymf07hnniy08r
sc,cmqi70avw00gimf07kwl6b0o2
trv,cmqi94p1b001jnr072c649ua7
sr,cmqigrxwe00jlnq075yqxq85v
sei,cmqi91rc9001lnq07mosxa8re
tn,cmqi705f100gemf07q1khput8
scl,cmqi6bm8y00dgmf07jq9plnms
sd,cmqinu42m00y0nr07h94x4okz
sbn,cmqi6bals00eio5078qv9zrx6
ss,cmqiaps6e009hnq07u7i8ihwu
sk,cmqinsswu00xanq07gb1dex5z
sl,cmqiodx1z00yonq07dptnahw6
dsb,cmqialwmq0091nq07eu28tcau
hsb,cmqi9etym006lnq07pszvx94w
qup,cmqily3ly00ronr07fhiwqoe3
st,cmqiaptn4009lnq07t6a64c0i
es,cmqim2spa00synr071fcp7av0
sva,cmqiohnh000zknq07ai4bec8z
sw,cmqim4c1000tmnr07zq3vwhor
sv-SE,cmqintw0q00xwnr07mjjzpe61
nan-tw,cmqiodl4000zonq07iuo4i4aa
tg,cmqie96zs00c7nr078g0ai4kq
zgh,cmqi72mr500hamf078fyzfgq1
ta,cmqinibew00vqnq07n69w5zob
tt,cmqiny0vn00ygnr07ye9hvi5p
te,cmqi70oy800gqmf07cp5nlvfc
cux,cmqi6qnzx00gio507tpz1lapx
cut,cmqi90yhv001dnq07wrimezbl
th,cmqiniex600vonr07fzc36etn
tig,cmqi93l800025nq074g7hr593
ti,cmqie93na00ennq07stgc3t9j
tli,cmqieio7r00fjnq079anpccv1
tok,cmqioe08z00ysnq07wdp9ejux
trw,cmqilydn800s8nr076lc4pse0
lua,cmqi92njs001xnq077hwjj7lq
ve,cmqiapp2e007rnr07hprihon4
bag,cmqi8udao000fnq0748obh86b
tvu,cmqi6h30b00feo507vicvuqh3
tui,cmqigliwq00gvnr07zddnx4gp
tr,cmqinosfq00x4nr07gnk0rdf9
tk,cmqi6t15p00fmmf07e7ddoh7i
bbl,cmqi9xlxd005lnr07zt0anf5d
tw,cmqie99h800eznq07yhflxjkb
uk,cmqinqaqp00wunq07w9oyei38
ur,cmqinjjm100w2nq0773c9r16c
ush,cmqi6yncc00hao507qql05yma
ug,cmqini4tq00vgnr07qlq3jjdf
uz,cmqinmkcu00wenq0733z3yfs5
vi,cmqiof4sv00ywnq07m63v4pnp
vot,cmqiaq08m009xnq07wd6pkwtn
kxp,cmqiej2oj00drnr072e5wrare
wbl,cmqily03c00rgnr071bcl2qau
cy,cmqino47i00wmnq074t5nscur
pua,cmqi8u2sf000bnq07cko7fxmv
nhi,cmqie92dy00ejnq07lilc42vn
xh,cmqiapnak007nnr07pkjoowjw
ts,cmqialv38007fnr07hqksd9k4
ydg,cmqiglp6z00h7nr071tvu5sry
yaq,cmqigomx300ixnq070wlu5nov
yi,cmqi72hiv00hqo5077ilqlp5y
yo,cmqi6qutc00gmo507myna6k5s
zza,cmqi70zqf00gymf0755f66bhd
zu,cmqiapwcq009tnq075e9981yy
